turn,us_china_tension,shared_infrastructure,scientific_openness,mars_progress,neutral_access,us_power,china_power,us_public_cooperation,china_public_cooperation,third_force_strength,international_trust,run,event
0,60,15,30,20,20,80,78,40,35,10,30,1,initial
1,60,23,30,20,19,80,78,40,35,10,32,1,none
2,56,35,30,20,26,80,78,40,35,19,36,1,india_transport_success
3,64,40,30,20,20,81,78,40,35,19,34,1,none
4,65,50,30,20,17,81,78,41,36,19,36,1,none
5,64,57,30,20,19,82,78,42,37,19,39,1,none
6,63,64,30,20,21,83,78,43,38,19,42,1,none
7,79,68,36,17,18,82,78,43,38,27,35,1,rare_unknown
8,86,72,36,17,15,83,77,43,38,27,34,1,none
9,86,81,36,17,15,83,76,43,38,27,37,1,none
10,95,81,47,17,9,83,76,43,38,27,38,1,scientific_discovery
0,60,15,30,20,20,80,78,40,35,10,30,2,initial
1,51,24,30,20,26,81,79,40,35,10,36,2,none
2,51,32,30,20,25,81,79,40,35,10,38,2,none
3,58,36,30,20,22,81,79,40,35,10,37,2,none
4,59,40,35,20,22,82,78,40,35,10,41,2,none
5,66,44,35,20,23,81,78,41,36,15,40,2,india_transport_success
6,65,51,35,20,25,81,79,42,37,15,43,2,none
7,71,54,35,20,25,81,79,42,37,15,43,2,none
8,63,65,35,20,29,81,80,43,38,15,49,2,none
9,60,73,39,25,28,81,79,44,39,24,47,2,rare_unknown
10,61,83,39,25,25,82,80,45,40,24,49,2,none
0,60,15,30,20,20,80,78,40,35,10,30,3,initial
1,60,24,30,20,20,80,78,40,35,10,33,3,none
2,60,32,30,20,19,80,78,40,35,10,35,3,none
3,67,36,30,20,16,80,79,40,35,10,34,3,none
4,68,46,30,20,13,79,79,41,36,10,36,3,none
5,82,49,30,20,13,79,79,37,32,10,32,3,earth_tension
6,81,56,30,20,15,79,79,37,32,10,35,3,none
7,88,60,30,20,12,80,79,37,32,10,34,3,none
8,94,63,30,20,12,79,79,37,32,10,34,3,none
9,94,72,30,20,12,79,79,37,32,10,37,3,none
10,98,76,30,20,9,79,79,37,32,10,36,3,none
0,60,15,30,20,20,80,78,40,35,10,30,4,initial
1,55,25,30,20,25,80,77,40,35,14,34,4,none
2,47,36,30,20,29,80,76,40,35,14,40,4,none
3,47,44,30,20,28,80,76,41,36,14,42,4,none
4,53,49,30,20,22,80,76,42,37,14,41,4,us_base_accident
5,53,58,30,20,22,80,77,43,38,14,44,4,none
6,61,57,41,20,19,80,77,44,39,14,46,4,scientific_discovery
7,60,64,41,20,21,79,77,45,40,14,49,4,none
8,68,69,41,20,15,80,76,46,41,14,47,4,none
9,74,72,41,20,15,80,77,46,41,14,47,4,none
10,72,77,41,40,15,80,77,46,41,14,49,4,mars_breakthrough
0,60,15,30,20,20,80,78,40,35,10,30,5,initial
1,60,17,35,20,22,81,77,40,35,10,34,5,none
2,52,32,35,20,22,80,77,40,35,10,41,5,chinese_base_accident
3,45,45,35,20,24,80,76,41,36,10,47,5,none
4,49,50,40,20,24,79,75,42,37,22,50,5,japanese_breakthrough
5,49,58,40,20,23,79,74,44,39,22,52,5,none
6,52,65,40,20,23,79,74,46,41,26,52,5,none
7,58,67,40,20,22,78,73,48,43,26,51,5,none
8,52,79,40,20,25,79,73,50,45,30,56,5,us_base_accident
9,51,86,40,20,27,79,74,52,47,30,59,5,none
10,45,100,40,20,27,79,75,54,49,30,65,5,none
0,60,15,30,20,20,80,78,40,35,10,30,6,initial
1,67,18,30,30,16,81,78,40,35,10,28,6,mars_breakthrough
2,74,22,30,30,17,81,78,39,34,15,27,6,india_transport_success
3,82,27,30,30,11,81,77,38,33,15,25,6,none
4,89,31,30,30,8,81,77,37,32,15,24,6,none
5,91,35,30,30,8,82,77,36,31,15,25,6,none
6,99,35,41,30,2,83,77,35,30,15,26,6,scientific_discovery
7,98,39,41,30,0,84,77,34,29,15,26,6,us_base_accident
8,93,49,41,30,5,84,77,34,29,19,30,6,none
9,94,53,46,30,5,83,77,34,29,19,34,6,none
10,88,68,46,30,5,83,76,34,29,19,40,6,none
0,60,15,30,20,20,80,78,40,35,10,30,7,initial
1,61,25,30,20,17,79,78,40,35,10,32,7,none
2,62,35,30,20,14,79,78,40,35,10,34,7,none
3,69,39,30,20,11,79,78,40,35,10,33,7,none
4,75,42,30,20,11,79,78,40,35,10,33,7,none
5,82,46,30,20,8,79,79,40,35,10,32,7,none
6,89,50,30,20,5,79,79,40,35,10,31,7,none
7,98,54,30,20,2,79,78,36,31,10,26,7,earth_tension
8,98,64,30,20,0,79,79,36,31,10,28,7,none
9,98,68,30,20,0,79,79,36,31,10,27,7,none
10,98,73,30,20,0,79,79,36,31,10,25,7,new_ice_discovery
0,60,15,30,20,20,80,78,40,35,10,30,8,initial
1,62,21,30,20,27,81,78,40,35,19,31,8,india_transport_success
2,61,28,30,20,29,81,79,40,35,19,34,8,none
3,61,36,30,20,28,81,78,40,35,19,36,8,none
4,68,41,30,27,22,81,78,41,36,19,28,8,rare_unknown
5,68,49,30,27,21,80,79,42,37,19,30,8,none
6,68,57,30,27,20,80,79,43,38,19,32,8,none
7,74,60,30,27,20,80,79,43,38,19,32,8,none
8,82,65,30,27,14,79,78,43,38,19,30,8,none
9,82,74,30,27,14,79,78,43,38,19,33,8,none
10,81,81,30,27,16,79,79,43,38,19,36,8,none
0,60,15,30,20,20,80,78,40,35,10,30,9,initial
1,59,22,30,20,22,79,78,40,35,10,33,9,none
2,60,35,30,20,24,79,78,36,31,10,35,9,earth_tension
3,61,42,30,20,24,80,77,37,32,14,36,9,us_base_accident
4,71,47,30,20,23,80,78,37,32,14,34,9,new_ice_discovery
5,71,55,30,20,22,79,78,37,32,14,36,9,none
6,71,63,30,20,21,80,79,37,32,14,38,9,none
7,77,66,30,20,21,79,78,37,32,14,38,9,none
8,86,69,30,20,22,79,78,37,32,14,36,9,new_ice_discovery
9,93,73,30,20,19,79,77,37,32,14,35,9,none
10,98,76,30,20,19,79,77,37,32,14,35,9,none
0,60,15,30,20,20,80,78,40,35,10,30,10,initial
1,67,19,30,20,17,80,77,40,35,10,29,10,none
2,59,30,30,20,21,80,78,40,35,10,35,10,none
3,58,37,30,20,23,81,78,40,35,10,38,10,none
4,57,44,30,20,25,81,78,41,36,10,41,10,none
5,55,53,30,20,25,82,77,42,37,10,45,10,us_base_accident
6,53,62,30,20,25,83,77,43,38,10,49,10,us_base_accident
7,55,67,35,20,22,82,77,45,40,10,52,10,none
8,54,74,35,20,24,82,77,47,42,10,55,10,none
9,61,78,35,20,21,82,77,49,44,10,54,10,none
10,75,81,32,21,21,82,77,50,45,10,52,10,rare_unknown
0,60,15,30,20,20,80,78,40,35,10,30,11,initial
1,59,22,30,20,22,80,79,40,35,10,33,11,none
2,66,26,30,20,19,80,79,40,35,10,32,11,none
3,59,39,30,20,21,79,79,40,35,10,38,11,none
4,58,46,30,20,23,79,78,41,36,10,41,11,none
5,50,57,30,20,27,79,78,42,37,10,47,11,none
6,57,61,30,20,24,79,78,43,38,10,46,11,none
7,65,66,30,20,18,79,78,44,39,10,44,11,none
8,64,72,30,30,19,80,79,45,40,10,46,11,mars_breakthrough
9,64,80,30,30,18,80,80,46,41,10,48,11,none
10,64,88,30,30,17,81,81,47,42,10,50,11,none
0,60,15,30,20,20,80,78,40,35,10,30,12,initial
1,61,25,30,20,17,80,79,40,35,10,32,12,none
2,56,38,30,20,22,80,79,40,35,22,38,12,japanese_breakthrough
3,55,45,30,20,24,81,79,41,36,22,41,12,none
4,61,48,30,20,24,81,79,42,37,22,41,12,none
5,68,52,30,20,21,80,79,43,38,22,40,12,none
6,60,63,30,20,25,80,78,44,39,22,46,12,none
7,52,78,30,20,25,80,78,46,41,22,53,12,us_base_accident
8,53,84,30,20,31,80,78,48,43,22,55,12,new_ice_discovery
9,52,91,30,20,33,80,77,50,45,22,58,12,none
10,48,100,30,20,40,80,77,52,47,31,62,12,india_transport_success
0,60,15,30,20,20,80,78,40,35,10,30,13,initial
1,67,19,30,20,17,80,77,40,35,10,29,13,none
2,67,28,30,20,17,80,77,40,35,10,32,13,none
3,59,39,30,20,21,80,77,40,35,10,38,13,none
4,59,41,35,20,23,80,78,41,36,10,42,13,none
5,55,53,35,20,26,80,77,42,37,14,46,13,none
6,47,64,35,20,30,81,78,44,39,14,52,13,none
7,39,75,35,20,34,81,77,46,41,14,58,13,none
8,35,87,35,20,37,81,77,48,43,18,62,13,none
9,36,93,40,20,36,81,77,50,45,26,67,13,japanese_breakthrough
10,36,100,40,20,35,82,77,52,47,26,69,13,none
0,60,15,30,20,20,80,78,40,35,10,30,14,initial
1,67,22,30,20,22,80,78,36,31,10,29,14,earth_tension
2,75,27,30,20,16,80,78,35,30,10,27,14,none
3,82,31,30,20,13,80,79,34,29,10,26,14,none
4,88,34,30,20,13,80,78,33,28,10,26,14,none
5,94,37,30,20,13,80,78,32,27,10,26,14,none
6,98,40,30,20,13,80,78,31,26,10,26,14,none
7,98,44,30,20,10,80,78,31,26,10,25,14,none
8,98,49,30,20,4,79,78,31,26,10,23,14,none
9,98,53,30,20,1,79,77,31,26,10,22,14,none
10,97,60,30,20,3,78,76,31,26,10,25,14,none
0,60,15,30,20,20,80,78,40,35,10,30,15,initial
1,59,21,30,30,21,80,78,40,35,10,32,15,mars_breakthrough
2,66,25,30,30,18,80,79,40,35,10,31,15,none
3,58,36,30,30,22,80,79,40,35,10,37,15,none
4,66,41,30,30,16,80,78,41,36,10,35,15,none
5,65,47,30,30,17,80,78,42,37,10,37,15,none
6,68,54,30,30,17,81,78,43,38,14,37,15,none
7,68,62,30,30,16,81,78,44,39,14,39,15,none
8,74,64,30,40,15,80,79,44,39,14,38,15,mars_breakthrough
9,81,68,30,40,12,80,79,44,39,14,37,15,none
10,88,72,30,40,9,80,78,44,39,14,36,15,none
0,60,15,30,20,20,80,78,40,35,10,30,16,initial
1,59,22,30,20,22,81,78,40,35,10,33,16,none
2,59,30,30,30,21,81,78,40,35,10,35,16,mars_breakthrough
3,59,38,30,30,20,81,79,40,35,10,37,16,none
4,67,46,30,30,19,80,79,37,32,10,35,16,earth_tension
5,66,53,30,30,21,80,79,38,33,10,38,16,none
6,73,57,30,30,18,80,79,38,33,10,37,16,none
7,75,60,30,45,17,81,79,38,33,10,37,16,mars_breakthrough
8,83,63,30,45,22,81,80,38,33,10,37,16,new_ice_discovery
9,90,67,30,45,19,81,80,38,33,10,36,16,none
10,90,75,30,45,18,81,80,38,33,10,38,16,none
0,60,15,30,20,20,80,78,40,35,10,30,17,initial
1,52,26,30,20,24,80,77,40,35,10,36,17,none
2,52,35,30,20,24,80,76,40,35,10,39,17,none
3,59,39,30,20,21,80,76,40,35,10,38,17,none
4,66,43,30,20,18,79,76,41,36,10,37,17,none
5,66,51,30,20,17,79,76,42,37,10,39,17,none
6,69,56,30,35,14,79,76,43,38,10,39,17,mars_breakthrough
7,76,60,30,35,11,79,76,43,38,10,38,17,none
8,76,69,30,35,11,80,75,43,38,10,41,17,none
9,84,74,30,35,5,80,75,43,38,10,39,17,none
10,76,85,30,35,9,80,76,43,38,10,45,17,none
0,60,15,30,20,20,80,78,40,35,10,30,18,initial
1,60,23,30,20,19,80,78,40,35,10,32,18,none
2,60,31,30,20,18,80,79,40,35,10,34,18,none
3,61,35,35,20,18,80,79,40,35,10,38,18,none
4,60,42,35,20,20,79,79,41,36,10,41,18,none
5,55,52,35,20,25,79,78,42,37,14,45,18,none
6,64,55,35,20,26,78,78,43,38,14,43,18,new_ice_discovery
7,71,59,35,20,27,77,78,43,38,19,42,18,india_transport_success
8,66,69,35,20,32,77,78,44,39,23,46,18,none
9,66,77,35,20,31,78,78,45,40,23,48,18,none
10,65,87,35,20,33,79,79,47,42,31,53,18,japanese_breakthrough
0,60,15,30,20,20,80,78,40,35,10,30,19,initial
1,67,19,30,20,17,79,78,40,35,10,29,19,none
2,66,25,30,20,18,78,78,40,35,10,31,19,none
3,66,34,30,20,18,77,78,40,35,10,34,19,none
4,73,38,30,20,15,76,77,39,34,10,33,19,none
5,81,43,30,20,9,75,77,39,34,10,31,19,none
6,89,48,30,20,3,75,78,39,34,10,29,19,none
7,96,52,30,20,0,75,77,39,34,10,28,19,none
8,98,56,30,20,2,76,77,39,34,10,27,19,new_ice_discovery
9,97,58,30,20,2,76,76,39,34,10,26,19,none
10,95,66,30,20,2,76,76,39,34,10,28,19,none
0,60,15,30,20,20,80,78,40,35,10,30,20,initial
1,59,22,30,20,22,80,78,40,35,10,33,20,none
2,59,30,30,20,21,80,78,40,35,10,35,20,none
3,58,37,30,20,23,80,78,40,35,10,38,20,none
4,58,46,30,20,23,79,78,41,36,10,41,20,none
5,65,50,30,20,20,80,78,42,37,10,40,20,none
6,73,55,36,20,14,81,78,42,37,10,40,20,scientific_discovery
7,65,66,36,20,18,81,79,43,38,10,46,20,none
8,72,70,36,20,19,80,79,43,38,15,45,20,india_transport_success
9,78,73,36,20,19,80,79,43,38,15,45,20,none
10,84,76,36,20,19,80,78,43,38,15,45,20,none
0,60,15,30,20,20,80,78,40,35,10,30,21,initial
1,67,19,30,20,17,80,78,40,35,10,29,21,none
2,67,27,30,20,16,80,79,40,35,10,31,21,none
3,66,34,30,20,18,80,78,40,35,10,34,21,none
4,65,44,30,20,15,80,77,41,36,10,37,21,chinese_base_accident
5,63,49,30,20,19,81,77,42,37,10,40,21,none
6,71,57,30,20,13,81,77,42,37,18,40,21,japanese_breakthrough
7,77,60,30,20,13,81,77,42,37,18,40,21,none
8,84,64,30,20,10,81,77,42,37,18,39,21,none
9,90,67,30,20,10,82,77,42,37,18,39,21,none
10,82,82,30,20,10,82,77,42,37,18,46,21,chinese_base_accident
0,60,15,30,20,20,80,78,40,35,10,30,22,initial
1,71,15,35,20,19,80,79,39,34,10,29,22,new_ice_discovery
2,78,19,35,20,16,79,78,38,33,10,28,22,none
3,79,29,35,20,13,78,79,37,32,10,30,22,none
4,86,33,35,20,10,78,79,36,31,10,29,22,none
5,85,40,35,20,12,78,78,35,30,10,32,22,none
6,84,47,35,20,14,78,77,35,30,10,35,22,none
7,91,51,35,20,11,78,76,35,30,10,34,22,none
8,97,53,35,20,10,78,76,35,30,10,33,22,none
9,96,62,35,20,10,78,76,35,30,10,36,22,none
10,96,71,35,20,10,78,76,35,30,10,39,22,none
0,60,15,30,20,20,80,78,40,35,10,30,23,initial
1,63,22,30,20,20,79,79,40,35,14,30,23,none
2,55,33,30,20,24,78,80,40,35,14,36,23,none
3,56,40,35,20,24,78,81,40,35,22,42,23,japanese_breakthrough
4,59,47,35,20,24,77,81,41,36,26,42,23,none
5,66,51,35,20,21,77,81,42,37,26,41,23,none
6,73,55,35,20,18,78,80,42,37,26,40,23,none
7,80,59,35,20,15,77,80,42,37,26,39,23,none
8,95,63,35,20,12,77,80,38,33,26,34,23,earth_tension
9,98,67,35,20,9,77,80,38,33,26,33,23,none
10,98,71,35,20,6,78,80,38,33,26,32,23,none
0,60,15,30,20,20,80,78,40,35,10,30,24,initial
1,60,23,30,20,19,81,79,40,35,10,32,24,none
2,55,36,30,20,24,81,78,40,35,22,38,24,japanese_breakthrough
3,62,43,37,21,26,81,78,41,36,27,33,24,rare_unknown
4,62,51,37,21,25,81,78,42,37,27,35,24,none
5,69,55,37,21,22,81,77,43,38,27,34,24,none
6,68,62,37,21,24,81,77,44,39,27,37,24,none
7,67,69,37,21,26,81,78,45,40,27,40,24,none
8,82,73,37,21,23,81,78,41,36,27,35,24,earth_tension
9,85,78,37,36,20,82,77,41,36,27,35,24,mars_breakthrough
10,92,82,37,36,17,81,76,41,36,27,34,24,none
0,60,15,30,20,20,80,78,40,35,10,30,25,initial
1,59,22,30,20,22,79,78,40,35,10,33,25,none
2,58,29,30,20,24,80,78,40,35,10,36,25,none
3,57,36,30,20,26,80,78,40,35,10,39,25,none
4,59,41,30,20,28,81,78,41,36,14,39,25,none
5,59,49,30,20,27,82,78,42,37,14,41,25,none
6,58,56,30,20,29,83,78,43,38,14,44,25,none
7,56,65,30,20,29,83,78,44,39,14,48,25,chinese_base_accident
8,62,68,30,20,29,83,78,45,40,14,48,25,none
9,65,73,30,35,26,82,77,46,41,14,48,25,mars_breakthrough
10,64,79,30,35,27,82,77,47,42,14,50,25,none
0,60,15,30,20,20,80,78,40,35,10,30,26,initial
1,52,26,30,20,24,80,78,40,35,10,36,26,none
2,52,34,30,20,23,80,78,40,35,10,38,26,none
3,59,38,30,20,20,81,78,40,35,10,37,26,none
4,66,42,36,20,17,81,77,41,36,10,38,26,scientific_discovery
5,72,45,36,20,17,81,77,41,36,10,38,26,none
6,78,48,36,20,17,81,78,41,36,10,38,26,none
7,78,57,36,20,17,82,77,41,36,10,41,26,none
8,85,61,36,20,14,82,78,41,36,10,40,26,none
9,92,65,36,20,11,82,77,41,36,10,39,26,none
10,88,77,36,20,14,81,77,41,36,14,43,26,none
0,60,15,30,20,20,80,78,40,35,10,30,27,initial
1,52,26,30,20,24,80,78,40,35,10,36,27,none
2,59,30,30,20,21,80,78,40,35,10,35,27,none
3,59,38,30,20,20,79,77,40,35,10,37,27,none
4,59,46,30,20,19,80,78,41,36,10,39,27,none
5,66,50,30,20,16,80,78,42,37,10,38,27,none
6,65,56,30,20,17,80,78,43,38,10,40,27,none
7,64,63,30,20,19,81,79,44,39,10,43,27,none
8,63,70,30,20,21,82,78,45,40,10,46,27,none
9,63,78,30,20,20,82,78,46,41,10,48,27,none
10,70,82,30,20,17,82,78,47,42,10,47,27,none
0,60,15,30,20,20,80,78,40,35,10,30,28,initial
1,67,19,30,20,17,80,78,40,35,10,29,28,none
2,75,24,30,20,11,80,78,39,34,10,27,28,none
3,83,29,30,20,5,79,78,38,33,10,25,28,none
4,89,34,30,20,0,79,78,37,32,10,24,28,us_base_accident
5,81,45,30,20,4,79,78,37,32,10,30,28,none
6,87,48,30,20,4,79,78,37,32,10,30,28,none
7,94,52,30,20,1,78,78,37,32,10,29,28,none
8,98,56,36,20,0,78,78,37,32,10,30,28,scientific_discovery
9,90,67,36,20,4,78,78,37,32,10,36,28,none
10,99,67,47,20,0,78,78,37,32,10,37,28,scientific_discovery
0,60,15,30,20,20,80,78,40,35,10,30,29,initial
1,59,22,30,20,22,81,78,40,35,10,33,29,none
2,59,30,30,20,21,81,78,40,35,10,35,29,none
3,60,34,35,20,21,81,77,40,35,10,39,29,none
4,58,39,35,20,25,82,77,40,35,10,42,29,none
5,58,47,35,20,24,82,78,41,36,10,44,29,none
6,58,55,35,20,23,81,79,42,37,10,46,29,none
7,58,63,35,20,22,81,80,43,38,10,48,29,none
8,67,63,46,20,16,81,80,44,39,10,49,29,scientific_discovery
9,67,72,46,20,16,81,80,46,41,10,52,29,none
10,66,79,46,20,18,80,81,48,43,10,55,29,none
0,60,15,30,20,20,80,78,40,35,10,30,30,initial
1,55,25,30,20,25,80,78,40,35,14,34,30,none
2,47,36,30,20,29,80,77,40,35,14,40,30,none
3,50,43,30,20,29,81,77,41,36,18,40,30,none
4,50,51,30,20,28,81,77,42,37,18,42,30,none
5,58,56,30,20,22,81,77,43,38,18,40,30,none
6,54,68,30,20,29,81,77,44,39,27,44,30,india_transport_success
7,60,71,30,20,29,81,77,45,40,27,44,30,none
8,60,80,30,20,29,80,76,46,41,27,47,30,none
9,61,90,30,20,26,80,76,47,42,27,49,30,none
10,60,97,30,20,28,79,76,49,44,27,52,30,none
0,60,15,30,20,20,80,78,40,35,10,30,31,initial
1,67,19,30,20,17,80,78,40,35,10,29,31,none
2,74,23,30,20,14,79,78,39,34,10,28,31,none
3,82,22,35,20,11,79,78,38,33,10,28,31,none
4,82,30,35,20,10,78,78,37,32,10,30,31,none
5,90,35,35,20,4,78,78,36,31,10,28,31,none
6,99,35,46,20,0,77,79,35,30,10,29,31,scientific_discovery
7,98,38,46,20,0,76,79,34,29,10,29,31,none
8,98,42,46,20,0,77,79,34,29,10,28,31,none
9,95,49,46,20,2,77,79,34,29,10,31,31,none
10,94,56,46,20,4,77,79,34,29,10,34,31,none
0,60,15,30,20,20,80,78,40,35,10,30,32,initial
1,60,23,30,20,19,80,77,40,35,10,32,32,none
2,70,28,30,20,18,80,77,40,35,10,30,32,new_ice_discovery
3,76,30,30,30,17,81,78,39,34,10,29,32,mars_breakthrough
4,68,45,30,30,17,81,78,40,35,10,36,32,chinese_base_accident
5,70,51,30,30,20,81,78,41,36,14,37,32,none
6,62,62,30,30,24,81,77,42,37,14,43,32,none
7,68,65,30,30,24,81,78,43,38,14,43,32,none
8,76,70,30,30,18,81,78,43,38,14,41,32,none
9,83,74,30,30,15,81,78,43,38,14,40,32,none
10,82,81,30,30,17,81,78,43,38,14,43,32,none
0,60,15,30,20,20,80,78,40,35,10,30,33,initial
1,59,22,30,20,22,80,77,40,35,10,33,33,none
2,59,30,30,20,21,80,78,40,35,10,35,33,none
3,69,35,30,20,20,80,78,40,35,10,33,33,new_ice_discovery
4,77,40,30,20,14,81,79,39,34,10,31,33,none
5,83,43,30,20,14,82,80,39,34,10,31,33,none
6,83,51,30,20,13,81,79,39,34,10,33,33,none
7,90,55,30,20,10,81,80,39,34,10,32,33,none
8,88,64,30,20,10,81,81,39,34,10,36,33,us_base_accident
9,87,71,30,20,12,81,80,39,34,10,39,33,none
10,88,81,30,20,9,81,80,39,34,10,41,33,none
0,60,15,30,20,20,80,78,40,35,10,30,34,initial
1,67,19,30,20,17,79,78,40,35,10,29,34,none
2,66,26,30,20,19,79,78,40,35,10,32,34,none
3,57,39,30,20,21,79,77,40,35,10,39,34,us_base_accident
4,50,52,30,20,23,79,76,41,36,10,45,34,none
5,50,61,30,20,23,79,76,42,37,10,48,34,none
6,42,72,30,20,27,79,75,44,39,10,54,34,none
7,41,79,30,20,29,80,75,46,41,10,57,34,none
8,48,83,30,20,26,80,74,48,43,10,56,34,none
9,41,96,30,20,28,80,74,50,45,10,62,34,none
10,44,100,30,20,32,80,74,52,47,19,62,34,india_transport_success
0,60,15,30,20,20,80,78,40,35,10,30,35,initial
1,68,20,30,20,14,80,78,40,35,10,28,35,none
2,75,24,30,20,11,81,78,39,34,10,27,35,none
3,82,28,30,20,8,81,78,38,33,10,26,35,none
4,82,36,30,20,7,80,77,37,32,10,28,35,none
5,81,43,30,20,9,80,77,37,32,10,31,35,none
6,90,46,30,20,10,80,78,37,32,10,29,35,new_ice_discovery
7,90,55,30,20,10,80,79,37,32,10,32,35,none
8,90,63,30,20,9,80,79,37,32,10,34,35,none
9,92,68,25,26,3,79,80,37,32,19,29,35,rare_unknown
10,98,73,33,30,0,79,80,37,32,19,27,35,rare_unknown
0,60,15,30,20,20,80,78,40,35,10,30,36,initial
1,61,25,30,20,17,80,79,40,35,10,32,36,none
2,61,33,30,20,16,80,79,40,35,10,34,36,none
3,53,48,30,20,16,80,79,41,36,10,41,36,chinese_base_accident
4,52,55,30,20,18,80,79,42,37,10,44,36,none
5,59,59,30,20,19,80,79,43,38,15,43,36,india_transport_success
6,59,67,30,20,18,79,79,44,39,15,45,36,none
7,51,78,30,20,22,79,79,46,41,15,51,36,none
8,51,87,30,20,22,79,79,48,43,15,54,36,none
9,50,94,30,20,24,79,79,50,45,15,57,36,none
10,49,100,30,20,26,78,78,52,47,15,60,36,none
0,60,15,30,20,20,80,78,40,35,10,30,37,initial
1,59,22,30,20,22,81,78,40,35,10,33,37,none
2,55,34,30,20,25,81,79,40,35,14,37,37,none
3,47,45,30,20,29,82,78,41,36,14,43,37,none
4,50,50,30,35,26,82,79,42,37,14,43,37,mars_breakthrough
5,51,60,30,35,23,83,78,43,38,14,45,37,none
6,46,70,30,35,28,84,78,44,39,18,49,37,none
7,39,76,35,35,32,85,77,46,41,18,56,37,none
8,47,81,35,35,26,85,76,48,43,18,54,37,none
9,48,91,35,35,23,84,76,50,45,18,56,37,none
10,43,100,35,35,28,83,76,52,47,22,60,37,none
0,60,15,30,20,20,80,78,40,35,10,30,38,initial
1,53,28,30,20,22,80,79,40,35,10,36,38,none
2,53,36,30,20,21,80,79,40,35,10,38,38,none
3,60,39,30,20,17,79,79,40,35,10,36,38,none
4,60,47,30,20,16,79,80,41,36,10,38,38,none
5,53,60,30,20,18,79,80,42,37,10,44,38,none
6,60,64,30,20,15,80,80,43,38,10,43,38,none
7,67,68,30,20,12,80,81,44,39,10,42,38,none
8,67,76,30,20,11,80,81,45,40,10,44,38,none
9,74,80,30,20,8,80,81,45,40,10,43,38,none
10,73,87,30,20,10,80,81,45,40,10,46,38,none
0,60,15,30,20,20,80,78,40,35,10,30,39,initial
1,68,20,30,20,14,80,78,40,35,10,28,39,none
2,67,27,30,20,16,80,79,40,35,10,31,39,none
3,59,38,30,20,20,79,78,40,35,10,37,39,none
4,58,45,30,20,22,79,78,41,36,10,40,39,none
5,58,53,30,20,21,78,78,42,37,10,42,39,none
6,58,61,30,20,20,78,79,43,38,10,44,39,none
7,65,65,30,20,17,78,79,44,39,10,43,39,none
8,57,76,30,20,21,78,79,45,40,10,49,39,none
9,64,80,30,20,18,79,80,46,41,10,48,39,none
10,71,84,30,20,15,78,80,46,41,10,47,39,none
0,60,15,30,20,20,80,78,40,35,10,30,40,initial
1,52,26,30,20,24,80,78,40,35,10,36,40,none
2,58,28,30,20,23,80,78,40,35,10,35,40,none
3,59,38,30,20,20,80,79,40,35,10,37,40,none
4,58,45,30,20,22,81,79,41,36,10,40,40,none
5,57,52,30,20,24,81,78,42,37,10,43,40,none
6,64,56,30,20,21,81,78,43,38,10,42,40,none
7,64,65,30,20,21,82,78,44,39,10,45,40,none
8,67,72,30,20,21,82,78,45,40,14,45,40,none
9,66,79,30,20,23,82,78,46,41,14,48,40,none
10,67,85,30,20,29,82,78,47,42,14,50,40,new_ice_discovery
0,60,15,30,20,20,80,78,40,35,10,30,41,initial
1,52,23,35,19,19,81,78,40,35,11,28,41,rare_unknown
2,51,30,35,19,21,81,79,40,35,11,31,41,none
3,58,37,35,19,23,81,79,36,31,11,30,41,earth_tension
4,58,46,35,19,27,81,79,37,32,16,33,41,india_transport_success
5,58,54,35,19,26,82,79,38,33,16,35,41,none
6,57,61,35,19,28,83,79,39,34,16,38,41,none
7,56,68,35,19,30,83,79,40,35,16,41,41,none
8,63,72,35,19,27,83,79,41,36,16,40,41,none
9,62,79,35,29,29,82,79,42,37,16,43,41,mars_breakthrough
10,69,83,35,29,26,83,79,43,38,16,42,41,none
0,60,15,30,20,20,80,78,40,35,10,30,42,initial
1,58,24,30,20,30,79,77,40,35,23,32,42,india_transport_success
2,58,32,30,20,29,79,78,40,35,23,34,42,none
3,57,39,30,20,31,79,77,40,35,23,37,42,none
4,56,46,30,20,33,79,77,41,36,23,40,42,none
5,65,53,26,25,35,79,77,42,37,32,44,42,rare_unknown
6,80,57,26,25,32,80,78,38,33,32,39,42,earth_tension
7,79,64,26,25,34,80,77,38,33,32,42,42,none
8,79,73,26,25,34,81,77,38,33,32,45,42,none
9,86,77,26,25,31,82,76,38,33,32,44,42,none
10,86,86,26,25,31,82,76,38,33,32,47,42,none
0,60,15,30,20,20,80,78,40,35,10,30,43,initial
1,60,23,30,20,19,79,78,40,35,10,32,43,none
2,66,25,30,20,18,79,79,40,35,10,31,43,none
3,66,33,30,20,17,80,79,40,35,10,33,43,none
4,66,41,30,20,16,80,79,41,36,10,35,43,none
5,66,49,30,20,15,81,78,42,37,10,37,43,none
6,58,64,30,20,15,81,79,43,38,10,44,43,chinese_base_accident
7,52,79,30,20,15,81,79,44,39,10,50,43,none
8,58,82,30,20,15,81,79,45,40,10,50,43,none
9,50,93,30,20,19,82,79,47,42,10,56,43,none
10,49,100,30,20,21,82,79,49,44,10,59,43,none
0,60,15,30,20,20,80,78,40,35,10,30,44,initial
1,52,26,30,20,24,80,78,40,35,10,36,44,none
2,50,31,30,20,28,80,79,40,35,10,39,44,none
3,43,44,30,20,30,80,79,41,36,10,45,44,none
4,35,55,30,20,34,80,79,43,38,10,51,44,none
5,42,59,30,20,31,81,79,44,39,10,50,44,none
6,41,66,30,20,33,80,79,46,41,10,53,44,none
7,56,70,30,20,30,81,79,43,38,10,48,44,earth_tension
8,56,78,30,20,29,82,79,44,39,10,50,44,none
9,48,89,30,20,33,82,79,46,41,10,56,44,none
10,55,93,30,20,30,82,79,48,43,10,55,44,none
0,60,15,30,20,20,80,78,40,35,10,30,45,initial
1,66,18,30,20,20,81,79,40,35,10,30,45,none
2,65,25,30,20,22,82,80,40,35,10,33,45,none
3,73,30,30,20,16,82,80,39,34,10,31,45,none
4,71,38,36,23,15,82,80,38,33,8,37,45,rare_unknown
5,70,45,36,23,17,82,79,39,34,8,40,45,none
6,77,49,36,23,14,82,79,39,34,8,39,45,none
7,72,59,36,23,19,82,78,39,34,12,43,45,none
8,71,66,36,23,21,82,78,39,34,12,46,45,none
9,70,73,36,23,23,83,78,40,35,12,49,45,none
10,71,83,36,23,20,83,78,41,36,12,51,45,none
0,60,15,30,20,20,80,78,40,35,10,30,46,initial
1,66,18,30,20,20,79,78,40,35,10,30,46,none
2,59,31,30,20,22,80,79,40,35,10,36,46,none
3,58,38,30,20,24,80,80,40,35,10,39,46,none
4,64,41,30,20,24,79,79,41,36,10,39,46,none
5,63,48,30,20,26,78,79,42,37,10,42,46,none
6,71,47,35,20,23,78,79,42,37,10,42,46,none
7,78,51,35,20,20,77,78,42,37,10,41,46,none
8,78,60,35,20,20,77,79,42,37,10,44,46,none
9,71,73,35,20,22,77,79,42,37,10,50,46,none
10,79,78,35,20,16,76,79,42,37,10,48,46,none
0,60,15,30,20,20,80,78,40,35,10,30,47,initial
1,53,28,30,20,22,79,77,40,35,10,36,47,none
2,53,36,30,20,21,79,77,40,35,10,38,47,none
3,59,39,30,20,21,79,77,40,35,10,38,47,none
4,54,47,30,35,23,80,77,41,36,10,42,47,mars_breakthrough
5,61,51,30,35,20,80,77,42,37,10,41,47,none
6,53,62,30,35,24,80,78,43,38,10,47,47,none
7,48,72,30,35,29,81,77,45,40,14,51,47,none
8,47,79,30,35,31,80,78,47,42,14,54,47,none
9,54,83,30,35,28,80,78,49,44,14,53,47,none
10,53,90,30,35,30,80,79,51,46,14,56,47,none
0,60,15,30,20,20,80,78,40,35,10,30,48,initial
1,59,22,30,20,22,80,79,40,35,10,33,48,none
2,61,26,30,35,22,79,80,40,35,10,34,48,mars_breakthrough
3,61,35,30,35,22,80,80,40,35,10,37,48,none
4,65,40,35,35,22,80,80,40,35,22,40,48,japanese_breakthrough
5,72,44,35,35,19,80,81,40,35,22,39,48,none
6,73,54,35,35,16,80,80,40,35,22,41,48,none
7,76,61,35,35,16,79,80,40,35,26,41,48,none
8,83,65,35,35,13,79,80,40,35,26,40,48,none
9,90,69,35,35,10,79,79,40,35,26,39,48,none
10,97,73,35,35,7,78,79,40,35,26,38,48,none
0,60,15,30,20,20,80,78,40,35,10,30,49,initial
1,59,22,30,20,22,80,78,40,35,10,33,49,none
2,59,31,30,20,22,80,78,40,35,10,36,49,none
3,51,46,30,20,22,80,78,41,36,10,43,49,chinese_base_accident
4,51,54,30,20,21,80,78,42,37,10,45,49,none
5,60,54,41,20,15,80,77,43,38,10,46,49,scientific_discovery
6,52,65,41,20,19,79,77,45,40,10,52,49,none
7,62,70,41,20,18,79,77,46,41,10,50,49,new_ice_discovery
8,68,73,41,20,18,78,78,47,42,10,50,49,none
9,67,80,41,20,20,77,79,49,44,10,53,49,none
10,73,83,41,20,20,78,79,50,45,10,53,49,none
0,60,15,30,20,20,80,78,40,35,10,30,50,initial
1,60,24,30,20,20,81,78,40,35,10,33,50,none
2,67,28,30,20,17,81,79,40,35,10,32,50,none
3,74,32,30,20,14,82,78,39,34,10,31,50,none
4,74,41,30,20,14,82,78,39,34,10,34,50,none
5,74,50,30,20,14,82,77,39,34,10,37,50,none
6,82,55,30,20,8,81,77,39,34,10,35,50,none
7,82,64,30,20,8,81,77,39,34,10,38,50,none
8,89,68,30,20,5,81,77,39,34,10,37,50,none
9,89,76,30,20,4,80,78,39,34,10,39,50,none
10,94,80,30,20,1,80,77,39,34,10,39,50,us_base_accident
0,60,15,30,20,20,80,78,40,35,10,30,51,initial
1,59,22,30,20,22,80,78,40,35,10,33,51,none
2,52,35,30,20,24,80,78,40,35,10,39,51,none
3,59,39,30,20,21,80,79,40,35,10,38,51,none
4,59,48,30,20,21,79,79,41,36,10,41,51,none
5,59,56,30,20,20,79,80,42,37,10,43,51,none
6,58,63,30,20,22,79,81,43,38,10,46,51,none
7,57,70,30,20,24,80,81,44,39,10,49,51,none
8,60,77,30,20,24,80,81,45,40,14,49,51,none
9,52,88,30,20,28,80,81,47,42,14,55,51,none
10,59,92,30,20,25,80,81,49,44,14,54,51,none
0,60,15,30,20,20,80,78,40,35,10,30,52,initial
1,67,19,30,20,17,80,78,40,35,10,29,52,none
2,73,22,30,20,17,81,78,39,34,10,29,52,none
3,73,31,30,20,17,80,78,38,33,10,32,52,none
4,68,41,30,20,22,80,77,39,34,14,36,52,none
5,71,51,30,20,22,80,77,39,34,26,38,52,japanese_breakthrough
6,71,60,30,20,22,80,76,39,34,26,41,52,none
7,70,67,30,20,24,79,76,40,35,26,44,52,none
8,76,70,30,20,24,80,76,40,35,26,44,52,none
9,82,73,30,20,24,80,76,40,35,26,44,52,none
10,89,77,30,20,21,81,75,40,35,26,43,52,none
0,60,15,30,20,20,80,78,40,35,10,30,53,initial
1,61,25,30,20,17,80,77,40,35,10,32,53,none
2,68,29,30,30,14,80,77,40,35,10,31,53,mars_breakthrough
3,71,28,35,45,14,79,77,39,34,10,33,53,mars_breakthrough
4,78,32,35,45,11,80,77,38,33,10,32,53,none
5,79,42,35,45,8,79,76,38,33,10,34,53,none
6,79,50,35,45,7,79,76,38,33,10,36,53,none
7,86,54,35,45,4,79,76,38,33,10,35,53,none
8,93,58,35,45,1,79,75,38,33,10,34,53,none
9,98,62,35,45,0,79,75,38,33,10,33,53,none
10,98,66,35,45,1,79,74,38,33,15,32,53,india_transport_success
0,60,15,30,20,20,80,78,40,35,10,30,54,initial
1,60,23,30,20,19,80,77,40,35,10,32,54,none
2,59,30,30,20,21,81,77,40,35,10,35,54,none
3,66,34,30,20,18,81,77,40,35,10,34,54,none
4,73,38,30,30,15,81,77,39,34,10,33,54,mars_breakthrough
5,80,42,30,30,12,81,77,39,34,10,32,54,none
6,87,46,30,30,9,81,77,39,34,10,31,54,none
7,95,51,30,30,3,81,77,39,34,10,29,54,none
8,95,59,30,30,2,82,77,39,34,10,31,54,none
9,98,64,30,30,0,82,77,39,34,10,29,54,none
10,98,68,30,30,0,82,78,39,34,10,28,54,none
0,60,15,30,20,20,80,78,40,35,10,30,55,initial
1,58,20,30,20,24,80,77,40,35,10,33,55,none
2,58,29,30,20,28,79,77,40,35,15,36,55,india_transport_success
3,58,38,30,20,28,78,77,40,35,15,39,55,none
4,58,46,30,20,27,78,77,41,36,15,41,55,none
5,59,56,30,20,24,78,77,42,37,15,43,55,none
6,67,58,34,20,23,78,77,43,38,24,47,55,rare_unknown
7,74,62,34,20,20,78,78,43,38,24,46,55,none
8,67,75,34,20,22,77,78,45,40,24,52,55,none
9,60,88,34,20,24,77,77,47,42,24,58,55,none
10,60,90,39,20,26,76,77,49,44,24,62,55,none
0,60,15,30,20,20,80,78,40,35,10,30,56,initial
1,58,20,30,20,24,79,77,40,35,10,33,56,none
2,58,29,30,20,24,78,77,40,35,10,36,56,none
3,66,34,30,20,18,78,78,40,35,10,34,56,none
4,61,44,30,20,23,79,78,41,36,14,38,56,none
5,68,48,30,20,20,79,79,42,37,14,37,56,none
6,68,57,30,20,20,79,78,43,38,14,40,56,none
7,75,61,30,20,17,78,78,43,38,14,39,56,none
8,84,60,30,35,14,78,78,43,38,14,36,56,mars_breakthrough
9,95,67,30,35,14,79,78,39,34,18,32,56,earth_tension
10,88,80,30,35,16,79,78,39,34,18,38,56,none
0,60,15,30,20,20,80,78,40,35,10,30,57,initial
1,59,22,30,20,22,81,78,40,35,10,33,57,none
2,59,30,30,20,21,80,78,40,35,10,35,57,none
3,58,37,30,20,23,80,78,40,35,10,38,57,none
4,65,41,30,20,20,79,78,41,36,10,37,57,none
5,72,45,30,20,17,79,77,41,36,10,36,57,none
6,64,60,30,20,17,80,77,42,37,10,43,57,chinese_base_accident
7,67,67,30,20,17,79,77,43,38,14,43,57,none
8,74,71,30,20,14,80,77,43,38,14,42,57,none
9,73,78,30,20,16,80,78,43,38,14,45,57,none
10,81,83,36,20,10,80,78,43,38,14,45,57,scientific_discovery
0,60,15,30,20,20,80,78,40,35,10,30,58,initial
1,55,25,30,20,25,79,77,40,35,14,34,58,none
2,47,36,30,20,29,80,78,40,35,14,40,58,none
3,40,49,30,20,31,80,79,41,36,14,46,58,none
4,40,57,30,20,30,80,79,42,37,14,48,58,none
5,40,65,30,20,29,80,79,43,38,14,50,58,none
6,39,72,30,20,31,80,79,45,40,14,53,58,none
7,39,80,30,20,30,81,79,47,42,14,55,58,none
8,46,84,30,20,27,81,79,49,44,14,54,58,none
9,38,95,30,20,31,81,80,51,46,14,60,58,none
10,33,100,30,20,36,81,79,53,48,26,66,58,japanese_breakthrough
0,60,15,30,20,20,80,78,40,35,10,30,59,initial
1,59,22,30,20,22,79,77,40,35,10,33,59,none
2,59,30,30,20,21,78,76,40,35,10,35,59,none
3,66,34,30,20,18,79,76,40,35,10,34,59,none
4,74,39,30,30,12,79,76,39,34,10,32,59,mars_breakthrough
5,73,45,30,30,13,80,75,39,34,10,34,59,none
6,81,44,35,30,10,79,75,39,34,10,34,59,none
7,83,49,35,30,12,79,76,39,34,14,34,59,none
8,90,53,35,30,9,79,76,39,34,14,33,59,none
9,89,60,35,30,11,79,75,39,34,14,36,59,none
10,91,64,35,45,11,79,75,39,34,14,37,59,mars_breakthrough
0,60,15,30,20,20,80,78,40,35,10,30,60,initial
1,59,22,30,20,22,80,77,40,35,10,33,60,none
2,60,32,30,20,19,79,77,40,35,10,35,60,none
3,59,39,30,20,21,79,77,40,35,10,38,60,none
4,59,48,30,20,21,79,76,41,36,10,41,60,none
5,59,56,30,20,20,79,75,42,37,10,43,60,none
6,51,67,30,20,24,78,75,43,38,10,49,60,none
7,52,77,30,20,21,78,75,45,40,10,51,60,none
8,50,86,30,20,21,78,74,47,42,10,55,60,chinese_base_accident
9,52,92,30,20,28,77,74,49,44,19,56,60,india_transport_success
10,43,99,31,26,30,76,73,51,46,29,58,60,rare_unknown
0,60,15,30,20,20,80,78,40,35,10,30,61,initial
1,59,22,30,20,22,80,77,40,35,10,33,61,none
2,60,26,35,20,22,81,77,40,35,10,37,61,none
3,60,34,35,20,21,81,77,40,35,10,39,61,none
4,67,38,35,20,18,81,78,40,35,10,38,61,none
5,75,43,35,20,12,80,78,40,35,10,36,61,none
6,74,50,35,20,14,81,78,40,35,10,39,61,none
7,74,58,35,20,13,81,77,40,35,10,41,61,none
8,81,62,35,20,10,80,76,40,35,10,40,61,none
9,88,66,35,20,7,81,76,40,35,10,39,61,none
10,95,70,35,20,4,82,75,40,35,10,38,61,none
0,60,15,30,20,20,80,78,40,35,10,30,62,initial
1,56,27,30,20,27,80,79,40,35,19,34,62,india_transport_success
2,63,31,30,20,24,80,79,40,35,19,33,62,none
3,70,35,30,20,21,80,78,40,35,19,32,62,none
4,63,48,30,20,23,80,79,41,36,19,38,62,none
5,64,58,30,20,20,80,79,42,37,19,40,62,none
6,64,67,30,20,20,79,79,43,38,19,43,62,none
7,67,74,30,20,20,78,78,44,39,23,43,62,none
8,66,81,30,20,22,78,79,45,40,23,46,62,none
9,65,91,30,20,19,78,79,46,41,23,49,62,chinese_base_accident
10,65,93,35,20,21,79,78,48,43,23,53,62,none
0,60,15,30,20,20,80,78,40,35,10,30,63,initial
1,59,22,30,20,22,81,79,40,35,10,33,63,none
2,66,26,30,20,19,81,79,40,35,10,32,63,none
3,69,33,30,20,19,81,79,40,35,14,32,63,none
4,77,38,30,20,13,81,78,39,34,14,30,63,none
5,70,51,30,20,15,80,78,40,35,14,36,63,none
6,76,54,30,20,15,79,78,40,35,14,36,63,none
7,75,61,30,20,17,79,78,40,35,14,39,63,none
8,75,70,30,20,17,80,78,40,35,14,42,63,none
9,69,82,30,20,20,80,78,41,36,18,47,63,us_base_accident
10,76,86,30,20,17,81,79,41,36,18,46,63,none
0,60,15,30,20,20,80,78,40,35,10,30,64,initial
1,59,22,30,20,22,80,78,40,35,10,33,64,none
2,58,29,30,20,24,79,78,40,35,10,36,64,none
3,50,44,30,20,24,79,78,41,36,10,43,64,us_base_accident
4,42,59,30,20,24,79,79,42,37,10,50,64,chinese_base_accident
5,34,70,30,20,28,80,78,44,39,10,56,64,none
6,41,74,30,20,25,81,78,46,41,10,55,64,none
7,33,85,30,20,29,81,77,48,43,10,61,64,none
8,41,90,36,20,23,80,78,50,45,10,61,64,scientific_discovery
9,47,92,36,20,22,80,77,52,47,10,60,64,none
10,48,100,36,20,19,80,76,54,49,10,62,64,none
0,60,15,30,20,20,80,78,40,35,10,30,65,initial
1,60,23,30,20,19,80,78,40,35,10,32,65,none
2,59,30,30,20,21,79,78,40,35,10,35,65,none
3,57,39,30,20,21,79,79,40,35,10,39,65,us_base_accident
4,57,48,30,20,21,80,78,41,36,10,42,65,none
5,65,53,30,20,15,79,78,42,37,10,40,65,none
6,63,58,30,20,19,79,78,43,38,10,43,65,none
7,54,65,27,24,21,79,78,44,39,10,50,65,rare_unknown
8,53,72,27,24,23,79,79,46,41,10,53,65,none
9,53,80,27,24,22,80,78,48,43,10,55,65,none
10,52,87,27,24,24,80,78,50,45,10,58,65,none
0,60,15,30,20,20,80,78,40,35,10,30,66,initial
1,62,21,30,20,27,80,79,40,35,19,31,66,india_transport_success
2,64,27,30,20,34,80,78,40,35,28,32,66,india_transport_success
3,59,37,30,20,39,79,79,40,35,32,36,66,none
4,58,44,30,20,41,79,79,41,36,32,39,66,none
5,58,52,30,20,40,79,78,42,37,32,41,66,none
6,59,62,30,20,37,80,78,43,38,32,43,66,none
7,60,72,30,20,34,81,78,44,39,32,45,66,none
8,60,74,35,20,36,82,78,45,40,32,49,66,none
9,66,77,35,30,36,83,79,46,41,32,49,66,mars_breakthrough
10,58,88,35,30,40,83,80,48,43,32,55,66,none
0,60,15,30,20,20,80,78,40,35,10,30,67,initial
1,59,21,30,20,21,80,77,40,35,10,32,67,none
2,66,25,30,20,18,81,76,40,35,10,31,67,none
3,58,40,30,20,18,80,76,40,35,10,38,67,chinese_base_accident
4,65,44,30,20,15,80,76,41,36,10,37,67,none
5,64,51,30,20,17,80,76,42,37,10,40,67,none
6,57,64,30,20,19,79,76,43,38,10,46,67,none
7,57,73,30,20,19,79,76,44,39,10,49,67,none
8,56,80,30,20,21,79,76,46,41,10,52,67,none
9,62,83,30,20,21,78,77,48,43,10,52,67,none
10,63,93,30,20,18,77,77,50,45,10,54,67,none
0,60,15,30,20,20,80,78,40,35,10,30,68,initial
1,59,22,30,30,22,80,78,40,35,10,33,68,mars_breakthrough
2,66,26,30,30,19,80,79,40,35,10,32,68,none
3,73,30,30,40,16,81,79,39,34,10,31,68,mars_breakthrough
4,73,38,30,40,15,80,78,38,33,10,33,68,none
5,76,45,30,40,19,81,77,38,33,19,33,68,india_transport_success
6,79,52,30,40,19,81,77,38,33,23,33,68,none
7,78,59,30,40,21,81,76,38,33,23,36,68,none
8,85,63,30,40,18,80,77,38,33,23,35,68,none
9,92,67,30,40,15,80,77,38,33,23,34,68,none
10,98,71,30,40,12,81,78,38,33,23,33,68,none
0,60,15,30,20,20,80,78,40,35,10,30,69,initial
1,59,22,30,20,22,80,77,40,35,10,33,69,none
2,62,27,30,35,19,80,77,40,35,10,33,69,mars_breakthrough
3,62,35,30,35,18,80,77,40,35,10,35,69,none
4,61,42,30,35,20,80,77,41,36,10,38,69,none
5,61,51,30,35,20,80,76,42,37,10,41,69,none
6,69,56,30,35,14,80,77,43,38,10,39,69,none
7,72,63,30,35,14,80,77,43,38,14,39,69,none
8,78,66,30,35,14,80,78,43,38,14,39,69,none
9,78,74,30,35,13,81,78,43,38,14,41,69,none
10,86,79,30,35,7,81,78,43,38,14,39,69,none
0,60,15,30,20,20,80,78,40,35,10,30,70,initial
1,60,23,30,20,19,79,79,40,35,10,32,70,none
2,60,32,30,20,23,78,80,40,35,15,35,70,india_transport_success
3,59,39,30,20,25,78,79,40,35,15,38,70,none
4,58,46,30,20,27,77,79,41,36,15,41,70,none
5,64,49,30,20,27,77,80,42,37,15,41,70,none
6,56,60,30,20,31,78,80,43,38,15,47,70,none
7,56,69,30,20,31,77,80,44,39,15,50,70,none
8,63,73,30,20,28,77,80,45,40,15,49,70,none
9,62,80,30,20,30,77,80,47,42,15,52,70,none
10,54,91,30,20,34,78,80,49,44,15,58,70,none
0,60,15,30,20,20,80,78,40,35,10,30,71,initial
1,67,19,30,20,17,80,78,40,35,10,29,71,none
2,61,34,30,20,17,80,79,40,35,10,35,71,none
3,60,41,30,20,19,79,79,41,36,10,38,71,none
4,60,43,41,20,21,78,78,42,37,10,44,71,scientific_discovery
5,59,50,41,20,23,77,79,43,38,10,47,71,none
6,65,53,41,20,23,77,80,44,39,10,47,71,none
7,65,61,41,20,22,77,81,45,40,10,49,71,none
8,64,68,41,20,24,76,82,47,42,10,52,71,none
9,65,78,41,20,21,75,82,49,44,10,54,71,none
10,65,87,41,20,21,76,81,51,46,10,57,71,none
0,60,15,30,20,20,80,78,40,35,10,30,72,initial
1,52,26,30,20,24,79,79,40,35,10,36,72,none
2,45,39,30,20,26,79,80,40,35,10,42,72,none
3,45,47,30,20,25,78,81,41,36,10,44,72,none
4,52,50,30,20,21,79,81,42,37,10,42,72,none
5,60,55,30,20,15,80,82,43,38,10,40,72,none
6,67,59,30,20,12,80,81,44,39,10,39,72,none
7,67,68,30,20,16,80,81,45,40,15,42,72,india_transport_success
8,65,77,30,20,16,80,81,46,41,15,46,72,us_base_accident
9,65,86,30,20,16,80,81,47,42,15,49,72,none
10,60,96,30,20,21,80,82,49,44,19,53,72,none
0,60,15,30,20,20,80,78,40,35,10,30,73,initial
1,55,25,30,20,25,80,78,40,35,14,34,73,none
2,54,32,30,20,27,79,79,40,35,14,37,73,none
3,63,36,30,20,29,80,79,40,35,14,36,73,new_ice_discovery
4,55,51,30,20,29,79,78,41,36,14,43,73,us_base_accident
5,62,55,30,30,26,80,79,42,37,14,42,73,mars_breakthrough
6,70,60,30,30,20,80,78,43,38,14,40,73,none
7,77,64,30,30,17,80,78,43,38,14,39,73,none
8,77,72,30,30,16,80,78,43,38,14,41,73,none
9,77,80,30,30,15,80,78,43,38,14,43,73,none
10,77,88,30,30,14,81,77,43,38,14,45,73,none
0,60,15,30,20,20,80,78,40,35,10,30,74,initial
1,60,24,30,20,20,80,78,40,35,10,33,74,none
2,59,31,30,20,22,79,78,40,35,10,36,74,none
3,59,39,30,20,21,78,77,40,35,10,38,74,none
4,59,47,30,20,20,78,77,41,36,10,40,74,none
5,66,51,30,20,17,78,78,42,37,10,39,74,none
6,59,57,35,20,21,79,78,43,38,10,46,74,none
7,51,68,35,20,25,78,77,45,40,10,52,74,none
8,50,74,35,20,26,78,77,47,42,10,54,74,none
9,48,83,35,20,26,78,78,49,44,10,58,74,us_base_accident
10,40,94,35,20,30,78,77,51,46,10,64,74,none
0,60,15,30,20,20,80,78,40,35,10,30,75,initial
1,61,25,30,20,17,80,77,40,35,10,32,75,none
2,61,33,30,20,16,79,77,40,35,10,34,75,none
3,59,42,30,20,16,78,78,41,36,10,38,75,chinese_base_accident
4,54,52,30,20,21,78,77,42,37,14,42,75,none
5,62,57,30,20,15,78,77,43,38,14,40,75,none
6,68,59,30,20,14,77,77,44,39,14,39,75,none
7,68,68,30,20,14,76,77,45,40,14,42,75,none
8,70,74,30,20,21,75,77,46,41,23,43,75,india_transport_success
9,77,78,30,20,18,76,76,46,41,23,42,75,none
10,77,87,30,20,18,77,76,46,41,23,45,75,none
0,60,15,30,20,20,80,78,40,35,10,30,76,initial
1,59,22,30,20,22,80,77,40,35,10,33,76,none
2,75,27,30,20,16,80,77,35,30,10,27,76,earth_tension
3,82,31,30,20,13,79,78,34,29,10,26,76,none
4,74,42,30,20,17,80,77,34,29,10,32,76,none
5,69,52,30,20,22,79,76,35,30,14,36,76,none
6,72,59,30,20,22,79,76,35,30,18,36,76,none
7,80,64,30,20,16,79,77,35,30,18,34,76,none
8,87,68,30,20,13,79,77,35,30,18,33,76,none
9,80,81,30,20,15,79,78,35,30,18,39,76,none
10,87,85,30,20,12,79,78,35,30,18,38,76,none
0,60,15,30,20,20,80,78,40,35,10,30,77,initial
1,70,20,30,20,19,79,78,40,35,10,28,77,new_ice_discovery
2,77,24,30,20,16,80,78,39,34,10,27,77,none
3,78,34,30,20,13,80,78,38,33,10,29,77,none
4,78,43,30,20,13,79,77,38,33,10,32,77,none
5,85,47,30,20,10,79,77,38,33,10,31,77,none
6,92,51,30,20,7,79,76,38,33,10,30,77,none
7,92,60,30,20,7,80,75,38,33,10,33,77,none
8,98,65,30,20,1,81,75,38,33,10,31,77,none
9,98,69,30,20,0,82,76,38,33,10,30,77,none
10,96,78,30,20,0,81,76,38,33,10,33,77,none
0,60,15,30,20,20,80,78,40,35,10,30,78,initial
1,59,22,30,20,22,80,78,40,35,10,33,78,none
2,59,30,30,20,21,81,77,40,35,10,35,78,none
3,51,41,30,20,25,80,78,41,36,10,41,78,none
4,47,53,30,20,28,80,78,42,37,14,45,78,none
5,47,61,30,20,27,80,79,43,38,14,47,78,none
6,40,74,30,20,29,80,79,45,40,14,53,78,none
7,35,82,30,35,31,81,78,47,42,14,57,78,mars_breakthrough
8,36,92,30,35,28,81,79,49,44,14,59,78,none
9,35,99,30,35,30,80,78,51,46,14,62,78,none
10,31,100,30,35,33,80,78,53,48,26,68,78,japanese_breakthrough
0,60,15,30,20,20,80,78,40,35,10,30,79,initial
1,59,22,30,20,22,80,78,40,35,10,33,79,none
2,66,26,30,20,19,80,78,40,35,10,32,79,none
3,74,31,30,20,13,79,78,39,34,10,30,79,none
4,63,44,29,30,15,78,78,40,35,5,38,79,rare_unknown
5,62,51,29,30,17,78,78,41,36,5,41,79,none
6,70,56,29,30,11,78,78,42,37,5,39,79,none
7,71,61,29,30,8,79,78,42,37,5,40,79,chinese_base_accident
8,78,65,29,30,5,79,78,42,37,5,39,79,none
9,77,72,29,30,7,79,79,42,37,5,42,79,none
10,68,81,29,30,13,79,79,43,38,5,48,79,none
0,60,15,30,20,20,80,78,40,35,10,30,80,initial
1,67,18,30,30,16,81,79,40,35,10,28,80,mars_breakthrough
2,73,21,30,30,16,80,80,39,34,10,28,80,none
3,80,25,30,30,13,80,80,38,33,10,27,80,none
4,80,34,30,30,13,81,80,37,32,10,30,80,none
5,87,38,30,30,10,82,79,36,31,10,29,80,none
6,86,45,30,30,12,83,79,36,31,10,32,80,none
7,86,53,30,30,11,83,79,36,31,10,34,80,none
8,93,57,30,30,8,84,80,36,31,10,33,80,none
9,98,61,30,30,5,84,80,36,31,10,32,80,none
10,95,68,30,30,7,83,80,36,31,10,35,80,none
0,60,15,30,20,20,80,78,40,35,10,30,81,initial
1,59,25,30,20,17,79,79,40,35,10,33,81,chinese_base_accident
2,59,34,30,20,21,79,80,40,35,15,36,81,india_transport_success
3,66,38,30,30,18,79,80,40,35,15,35,81,mars_breakthrough
4,72,41,30,30,18,80,81,40,35,15,35,81,none
5,71,48,30,30,20,81,81,40,35,15,38,81,none
6,70,55,30,30,22,81,81,41,36,15,41,81,none
7,82,62,35,28,22,82,81,41,36,16,41,81,rare_unknown
8,90,71,35,28,22,82,81,37,32,16,40,81,earth_tension
9,83,84,35,28,24,82,81,37,32,16,46,81,none
10,82,91,35,28,26,81,81,37,32,16,49,81,none
0,60,15,30,20,20,80,78,40,35,10,30,82,initial
1,61,25,30,20,17,81,78,40,35,10,32,82,none
2,64,32,30,20,17,81,78,40,35,14,32,82,none
3,65,42,30,20,14,82,78,41,36,14,34,82,none
4,63,51,30,20,14,82,78,42,37,14,38,82,us_base_accident
5,64,64,30,20,16,82,78,39,34,14,40,82,earth_tension
6,72,69,30,20,10,82,78,39,34,14,38,82,none
7,79,73,30,20,7,82,78,39,34,14,37,82,none
8,77,82,30,20,7,82,78,39,34,14,41,82,us_base_accident
9,83,85,30,20,7,82,78,39,34,14,41,82,none
10,83,93,30,20,6,82,79,39,34,14,43,82,none
0,60,15,30,20,20,80,78,40,35,10,30,83,initial
1,53,21,35,20,24,81,78,40,35,10,37,83,none
2,49,33,35,20,27,81,78,40,35,14,41,83,none
3,60,40,35,20,27,81,77,36,31,18,37,83,earth_tension
4,67,44,35,20,24,81,77,37,32,18,36,83,none
5,66,51,35,20,26,81,77,38,33,18,39,83,none
6,70,56,40,20,26,81,77,39,34,30,42,83,japanese_breakthrough
7,63,69,40,20,28,81,77,40,35,30,48,83,none
8,70,73,40,20,25,81,76,41,36,30,47,83,none
9,68,78,40,20,29,81,76,42,37,30,50,83,none
10,60,89,40,20,33,81,77,44,39,30,56,83,none
0,60,15,30,20,20,80,78,40,35,10,30,84,initial
1,67,19,30,20,17,80,78,40,35,10,29,84,none
2,60,32,30,20,19,79,77,40,35,10,35,84,none
3,68,37,30,20,13,79,77,40,35,10,33,84,none
4,75,41,30,20,10,79,76,40,35,10,32,84,none
5,75,50,30,20,10,79,77,40,35,10,35,84,none
6,81,53,30,20,10,78,76,40,35,10,35,84,none
7,88,57,30,20,7,79,76,40,35,10,34,84,none
8,95,61,30,20,4,78,76,40,35,10,33,84,none
9,98,65,30,30,1,78,75,40,35,10,32,84,mars_breakthrough
10,98,69,30,30,0,77,75,40,35,10,31,84,none
0,60,15,30,20,20,80,78,40,35,10,30,85,initial
1,60,23,30,20,19,79,78,40,35,10,32,85,none
2,51,30,27,22,21,79,78,40,35,18,33,85,rare_unknown
3,58,34,27,22,18,78,77,40,35,18,32,85,none
4,58,42,27,22,17,79,77,41,36,18,34,85,none
5,56,51,27,22,17,78,78,42,37,18,38,85,us_base_accident
6,49,64,27,22,19,78,77,43,38,18,44,85,none
7,56,68,27,22,16,77,78,44,39,18,43,85,none
8,62,70,27,22,15,76,77,45,40,18,42,85,none
9,71,70,38,22,9,76,78,45,40,18,43,85,scientific_discovery
10,71,79,38,22,9,76,77,45,40,18,46,85,none
0,60,15,30,20,20,80,78,40,35,10,30,86,initial
1,67,19,30,20,17,81,77,40,35,10,29,86,none
2,66,26,30,20,19,80,78,40,35,10,32,86,none
3,65,33,30,20,21,80,77,40,35,10,35,86,none
4,72,37,30,20,18,80,76,39,34,10,34,86,none
5,70,42,30,20,22,81,75,40,35,10,37,86,none
6,69,49,30,20,24,81,74,41,36,10,40,86,none
7,77,54,30,20,18,81,75,41,36,10,38,86,none
8,85,59,30,20,12,81,75,41,36,10,36,86,none
9,92,63,30,20,9,82,75,41,36,10,35,86,none
10,98,67,30,20,6,82,76,41,36,10,34,86,none
0,60,15,30,20,20,80,78,40,35,10,30,87,initial
1,53,28,30,20,22,80,78,40,35,10,36,87,none
2,52,35,30,20,24,80,78,40,35,10,39,87,none
3,52,44,30,20,24,81,79,41,36,10,42,87,none
4,52,52,30,20,23,80,79,42,37,10,44,87,none
5,55,59,30,20,23,80,79,43,38,14,44,87,none
6,62,63,30,20,20,80,79,44,39,14,43,87,none
7,71,63,41,20,14,80,79,44,39,14,44,87,scientific_discovery
8,71,71,41,20,13,79,79,44,39,14,46,87,none
9,71,79,41,20,12,79,79,44,39,14,48,87,none
10,74,86,41,30,12,80,78,44,39,18,48,87,mars_breakthrough
0,60,15,30,20,20,80,78,40,35,10,30,88,initial
1,62,23,30,20,24,80,77,40,35,10,32,88,new_ice_discovery
2,54,34,30,20,28,80,76,40,35,10,38,88,none
3,53,41,30,20,30,80,76,41,36,10,41,88,none
4,56,48,30,20,34,81,75,42,37,19,41,88,india_transport_success
5,56,56,30,20,33,81,75,43,38,19,43,88,none
6,64,61,30,20,27,81,75,44,39,19,41,88,none
7,67,68,30,20,27,81,74,45,40,23,41,88,none
8,74,72,30,20,24,80,74,45,40,23,40,88,none
9,74,80,30,20,23,80,74,45,40,23,42,88,none
10,74,89,30,20,23,79,74,45,40,23,45,88,none
0,60,15,30,20,20,80,78,40,35,10,30,89,initial
1,59,22,30,20,22,80,79,40,35,10,33,89,none
2,67,27,30,20,16,80,79,40,35,10,31,89,none
3,77,32,30,20,15,81,79,39,34,10,29,89,new_ice_discovery
4,85,37,36,20,9,81,79,38,33,10,29,89,scientific_discovery
5,85,46,36,20,9,82,79,38,33,10,32,89,none
6,92,50,36,20,6,82,79,38,33,10,31,89,none
7,92,59,36,20,6,81,79,38,33,10,34,89,none
8,90,68,36,20,6,82,78,38,33,10,38,89,us_base_accident
9,90,77,36,20,6,82,78,38,33,10,41,89,none
10,96,80,36,20,6,82,78,38,33,10,41,89,none
0,60,15,30,20,20,80,78,40,35,10,30,90,initial
1,59,21,30,20,21,81,78,40,35,10,32,90,none
2,59,29,30,20,20,81,79,40,35,10,34,90,none
3,59,37,30,20,19,80,79,40,35,10,36,90,none
4,66,41,30,20,16,80,79,41,36,10,35,90,none
5,65,48,30,20,18,81,80,42,37,10,38,90,none
6,72,52,30,20,15,81,80,42,37,10,37,90,none
7,71,59,30,20,17,82,80,42,37,10,40,90,none
8,78,63,30,20,14,82,79,42,37,10,39,90,none
9,76,72,30,20,14,82,79,42,37,10,43,90,us_base_accident
10,78,78,30,20,21,82,80,42,37,19,44,90,india_transport_success
0,60,15,30,20,20,80,78,40,35,10,30,91,initial
1,52,26,30,20,24,80,79,40,35,10,36,91,none
2,60,25,41,20,21,81,79,40,35,10,38,91,scientific_discovery
3,58,34,41,20,21,81,79,40,35,10,42,91,chinese_base_accident
4,59,44,41,20,18,81,79,41,36,10,44,91,none
5,66,48,41,20,15,80,79,42,37,10,43,91,none
6,68,52,41,20,19,80,79,43,38,15,44,91,india_transport_success
7,60,63,41,20,23,80,79,44,39,15,50,91,none
8,59,70,41,20,25,81,79,46,41,15,53,91,none
9,51,85,41,20,25,80,78,48,43,15,60,91,us_base_accident
10,50,92,41,20,27,81,79,50,45,15,63,91,none
0,60,15,30,20,20,80,78,40,35,10,30,92,initial
1,59,22,30,20,22,80,78,40,35,10,33,92,none
2,67,27,30,20,16,80,78,40,35,10,31,92,none
3,68,37,30,20,13,79,78,40,35,10,33,92,none
4,68,46,30,20,13,79,78,41,36,10,36,92,none
5,68,54,30,20,12,79,78,42,37,10,38,92,none
6,67,61,30,20,14,79,78,43,38,10,41,92,none
7,67,70,30,20,14,80,77,44,39,10,44,92,none
8,67,78,36,20,13,81,76,45,40,10,48,92,scientific_discovery
9,66,85,36,20,15,81,76,47,42,10,51,92,none
10,59,91,41,20,19,81,77,49,44,10,58,92,none
0,60,15,30,20,20,80,78,40,35,10,30,93,initial
1,59,22,30,20,22,80,78,40,35,10,33,93,none
2,67,27,30,20,16,79,78,40,35,10,31,93,none
3,66,33,30,20,17,79,78,40,35,10,33,93,none
4,72,36,30,20,17,78,78,39,34,10,33,93,none
5,79,40,30,20,14,78,79,38,33,10,32,93,none
6,86,44,30,20,11,77,79,38,33,10,31,93,none
7,85,51,30,20,13,78,79,38,33,10,34,93,none
8,84,61,30,20,10,78,80,38,33,10,37,93,us_base_accident
9,83,68,30,20,12,77,81,38,33,10,40,93,none
10,90,72,30,30,9,76,82,38,33,10,39,93,mars_breakthrough
0,60,15,30,20,20,80,78,40,35,10,30,94,initial
1,66,18,30,20,20,80,79,40,35,10,30,94,none
2,73,22,30,20,17,81,80,39,34,10,29,94,none
3,80,26,30,20,14,81,80,38,33,10,28,94,none
4,72,37,30,20,18,80,80,37,32,10,34,94,none
5,80,42,30,20,12,81,81,37,32,10,32,94,none
6,78,47,36,24,6,81,81,37,32,18,38,94,rare_unknown
7,86,52,36,24,0,82,81,37,32,18,36,94,none
8,89,59,36,24,0,82,81,37,32,22,36,94,none
9,83,71,36,24,3,81,82,37,32,26,41,94,us_base_accident
10,92,74,36,24,4,81,81,37,32,26,39,94,new_ice_discovery
0,60,15,30,20,20,80,78,40,35,10,30,95,initial
1,68,20,30,20,14,79,78,40,35,10,28,95,none
2,67,27,30,20,16,79,77,40,35,10,31,95,none
3,68,37,30,20,13,80,77,40,35,10,33,95,none
4,67,44,30,20,15,80,77,41,36,10,36,95,none
5,74,48,30,20,12,79,77,41,36,10,35,95,none
6,80,51,30,20,12,79,76,41,36,10,35,95,none
7,87,55,30,20,9,79,77,41,36,10,34,95,none
8,93,58,30,20,9,79,78,41,36,10,34,95,none
9,92,65,30,20,11,79,77,41,36,10,37,95,none
10,92,73,30,20,10,79,77,41,36,10,39,95,none
0,60,15,30,20,20,80,78,40,35,10,30,96,initial
1,71,15,35,20,19,80,78,39,34,10,29,96,new_ice_discovery
2,71,24,35,20,19,80,78,38,33,10,32,96,none
3,79,29,35,20,13,80,79,37,32,10,30,96,none
4,72,42,35,20,15,79,79,37,32,10,36,96,none
5,72,50,35,20,14,79,78,37,32,10,38,96,none
6,79,54,35,20,11,79,77,37,32,10,37,96,none
7,87,59,35,20,5,80,78,37,32,10,35,96,none
8,87,67,35,20,4,79,78,37,32,10,37,96,none
9,79,78,35,20,8,79,77,37,32,10,43,96,none
10,93,81,35,20,8,79,76,33,28,10,39,96,earth_tension
0,60,15,30,20,20,80,78,40,35,10,30,97,initial
1,66,17,30,20,19,80,78,40,35,10,29,97,none
2,65,24,35,20,25,80,78,40,35,26,34,97,japanese_breakthrough
3,72,28,35,20,22,80,78,39,34,26,33,97,none
4,75,35,35,20,22,80,77,38,33,30,33,97,none
5,82,39,35,20,19,80,77,37,32,30,32,97,none
6,91,42,35,20,20,81,77,37,32,30,30,97,new_ice_discovery
7,98,47,35,20,14,81,78,37,32,30,28,97,none
8,98,51,35,30,11,80,78,37,32,30,27,97,mars_breakthrough
9,98,55,35,40,8,81,79,37,32,30,26,97,mars_breakthrough
10,98,58,35,40,8,81,79,37,32,30,26,97,none
0,60,15,30,20,20,80,78,40,35,10,30,98,initial
1,67,19,30,20,17,79,78,40,35,10,29,98,none
2,66,26,30,20,19,79,79,40,35,10,32,98,none
3,74,31,30,20,13,79,78,39,34,10,30,98,none
4,81,35,30,20,10,80,78,38,33,10,29,98,none
5,81,43,30,20,9,79,79,38,33,10,31,98,none
6,80,50,30,20,11,79,79,38,33,10,34,98,none
7,87,54,30,20,8,80,79,38,33,10,33,98,none
8,94,58,30,20,5,79,78,38,33,10,32,98,none
9,94,66,30,20,4,78,79,38,33,10,34,98,none
10,98,71,30,20,0,78,78,38,33,10,32,98,none
0,60,15,30,20,20,80,78,40,35,10,30,99,initial
1,61,25,30,20,17,80,78,40,35,10,32,99,none
2,53,40,30,20,17,80,78,40,35,10,39,99,chinese_base_accident
3,59,43,30,20,17,80,78,41,36,10,39,99,none
4,57,48,30,20,21,80,79,42,37,10,42,99,none
5,60,55,30,20,21,81,79,43,38,14,42,99,none
6,74,58,30,20,21,82,79,39,34,14,38,99,earth_tension
7,82,63,30,20,15,82,79,39,34,14,36,99,none
8,81,70,30,20,17,82,79,39,34,14,39,99,none
9,89,75,30,30,11,81,79,39,34,14,37,99,mars_breakthrough
10,90,85,30,30,8,80,79,39,34,14,39,99,none
0,60,15,30,20,20,80,78,40,35,10,30,100,initial
1,71,19,34,19,17,81,77,39,34,14,34,100,rare_unknown
2,77,22,34,19,17,80,77,38,33,14,34,100,none
3,80,27,34,34,14,81,76,37,32,14,34,100,mars_breakthrough
4,79,34,34,34,16,81,76,36,31,14,37,100,none
5,86,38,34,34,13,81,76,35,30,14,36,100,none
6,80,50,34,34,16,81,76,35,30,18,41,100,us_base_accident
7,80,59,34,34,16,80,76,35,30,18,44,100,none
8,80,67,34,34,15,80,76,35,30,18,46,100,none
9,81,77,34,34,12,80,75,35,30,18,48,100,none
10,87,80,34,34,12,80,75,35,30,18,48,100,none
