worldline,source_file,turn,event,us_china_tension,shared_infrastructure,scientific_openness,mars_progress,neutral_access,us_power,china_power,us_public_cooperation,china_public_cooperation,third_force_strength,international_trust,PC1,PC2
W01,run_1_20260808_235022_756486.json,0,initial,60,15,30,20,20,80,78,40,35,10,30,-1.5121930846942588,-1.696040614876397
W01,run_1_20260808_235022_756486.json,1,none,52,26,30,20,24,80,78,40,35,10,36,-0.7964528963947727,-2.2239225297077447
W01,run_1_20260808_235022_756486.json,2,scientific_discovery,61,26,41,20,18,80,79,40,35,10,37,-0.2036116262887864,-0.8833291452721213
W01,run_1_20260808_235022_756486.json,3,none,60,33,41,20,20,80,79,40,35,10,40,0.15281644141044942,-0.9943875464794296
W01,run_1_20260808_235022_756486.json,4,new_ice_discovery,70,38,41,20,19,80,80,40,35,10,38,-0.07830136937522394,-0.5287508098712034
W01,run_1_20260808_235022_756486.json,5,chinese_base_accident,68,47,41,20,19,81,80,41,36,10,42,0.6277688657197408,-0.41361626824845826
W01,run_1_20260808_235022_756486.json,6,none,75,51,41,20,16,82,80,41,36,10,41,0.46484346023062617,0.38280690646870935
W01,run_1_20260808_235022_756486.json,7,none,81,54,41,20,16,82,79,41,36,10,41,0.5417783428919827,0.8171741431452919
W01,run_1_20260808_235022_756486.json,8,none,81,63,41,20,16,81,79,41,36,10,44,0.9558892346054134,0.7664080721360397
W02,run_1_20260809_001315_095961.json,0,initial,60,15,30,20,20,80,78,40,35,10,30,-1.512193084694259,-1.6960406148763962
W02,run_1_20260809_001315_095961.json,1,none,61,25,30,20,17,81,77,40,35,10,32,-1.2384481028066865,-0.9472500693709753
W02,run_1_20260809_001315_095961.json,2,scientific_discovery,69,30,36,20,11,81,77,40,35,10,32,-0.8876019641492977,0.2908623675025741
W02,run_1_20260809_001315_095961.json,3,chinese_base_accident,61,45,36,20,11,80,77,41,36,10,39,0.2956067083602358,-0.13083070425504142
W02,run_1_20260809_001315_095961.json,4,scientific_discovery,69,50,42,20,5,80,77,42,37,10,39,0.974215793853735,1.0003515303130888
W02,run_1_20260809_001315_095961.json,5,rare_unknown,66,56,40,21,8,79,76,43,38,16,40,1.8238831336459116,0.8135016795009523
W02,run_1_20260809_001315_095961.json,6,none,59,69,40,21,10,78,76,44,39,16,46,2.9250690927956997,0.2389818925622428
W02,run_1_20260809_001315_095961.json,7,none,51,80,40,21,14,78,76,46,41,16,52,4.296335174767403,-0.5027604268799444
W02,run_1_20260809_001315_095961.json,8,none,43,91,40,21,18,78,76,48,43,16,58,5.667601256739107,-1.2445027463221299
W02,run_1_20260809_001315_095961.json,9,none,50,95,40,21,15,79,76,50,45,16,57,6.160201744922211,-0.6619399762158011
W02,run_1_20260809_001315_095961.json,10,none,42,100,40,21,19,80,77,52,47,16,63,7.288104093154127,-1.4390393714058922
W03,run_1_20260809_084337_691234.json,0,initial,60,15,30,20,20,80,78,40,35,10,30,-1.5121930846942586,-1.696040614876396
W03,run_1_20260809_084337_691234.json,1,none,60,23,30,20,19,80,78,40,35,10,32,-1.2556628767829996,-1.4967373837376463
W03,run_1_20260809_084337_691234.json,2,india_transport_success,56,35,30,20,26,80,78,40,35,19,36,-0.21396449495634065,-1.6879423692734923
W03,run_1_20260809_084337_691234.json,3,none,64,40,30,20,20,81,78,40,35,19,34,-0.4767877602334302,-0.5811575622102649
W03,run_1_20260809_084337_691234.json,4,none,65,50,30,20,17,81,78,41,36,19,36,0.1050447257280094,-0.24819577322449674
W03,run_1_20260809_084337_691234.json,5,none,64,57,30,20,19,82,78,42,37,19,39,0.7290922474632293,-0.28588794678284557
W03,run_1_20260809_084337_691234.json,6,none,63,64,30,20,21,83,78,43,38,19,42,1.353139769198449,-0.3235801203411945
W03,run_1_20260809_084337_691234.json,7,rare_unknown,79,68,36,17,18,82,78,43,38,27,35,1.6606497151967385,0.854788588913195
W03,run_1_20260809_084337_691234.json,8,none,86,72,36,17,15,83,77,43,38,27,34,1.5775432452699933,1.779813887890217
W03,run_1_20260809_084337_691234.json,9,none,86,81,36,17,15,83,76,43,38,27,37,2.0113295797456665,2.0379463710951993
W03,run_1_20260809_084337_691234.json,10,scientific_discovery,95,81,47,17,9,83,76,43,38,27,38,2.6839897854140253,3.507141879790676
W04,run_2_20260808_235455_327165.json,0,initial,60,15,30,20,20,80,78,40,35,10,30,-1.5121930846942586,-1.696040614876396
W04,run_2_20260808_235455_327165.json,1,none,61,25,30,20,17,79,79,40,35,10,32,-1.277798988331172,-1.5650471777994426
W04,run_2_20260808_235455_327165.json,2,rare_unknown,66,32,32,24,19,78,79,40,35,12,40,-0.37557636148998846,-0.9773817365563672
W04,run_2_20260808_235455_327165.json,3,none,61,42,32,24,24,78,79,41,36,16,44,0.698492814747328,-1.4017321534734521
W04,run_2_20260808_235455_327165.json,4,none,64,49,32,24,24,78,79,42,37,20,44,1.313352010596422,-1.09889742442044
W04,run_2_20260808_235455_327165.json,5,none,72,54,32,24,18,77,80,42,37,20,42,1.0909967953572148,-0.48130760152582597
W04,run_2_20260808_235455_327165.json,6,none,75,61,32,24,18,76,81,42,37,24,42,1.3584176016079559,-0.38044122438162803
W04,run_2_20260808_235455_327165.json,7,none,82,65,32,24,15,76,80,42,37,24,41,1.3354546244813361,0.36428764464101354
W04,run_2_20260808_235455_327165.json,8,none,74,76,32,24,19,76,80,42,37,24,47,2.051194812780818,-0.16359427019033387
W05,run_2_20260809_001911_469440.json,0,initial,60,15,30,20,20,80,78,40,35,10,30,-1.5121930846942586,-1.696040614876396
W05,run_2_20260809_001911_469440.json,1,none,67,19,30,20,17,81,77,40,35,10,29,-1.5952995546210047,-0.7710153158993743
W05,run_2_20260809_001911_469440.json,2,none,60,32,30,20,19,82,77,40,35,10,35,-0.9421635279075767,-0.878012040623905
W05,run_2_20260809_001911_469440.json,3,rare_unknown,67,40,34,30,18,82,77,40,35,19,36,-0.17002494339596255,1.298931149481065
W05,run_2_20260809_001911_469440.json,4,none,74,44,34,30,15,82,76,40,35,19,35,-0.1929879205225827,2.043660018503706
W05,run_2_20260809_001911_469440.json,5,none,81,48,34,30,12,82,77,40,35,19,34,-0.3755887687739391,2.531184639006641
W05,run_2_20260809_001911_469440.json,6,none,88,52,34,30,9,82,78,40,35,19,33,-0.5581896170252948,3.018709259509575
W05,run_2_20260809_001911_469440.json,7,new_ice_discovery,97,55,34,30,10,82,78,40,35,19,31,-0.7070278234626712,3.372359360225218
W05,run_2_20260809_001911_469440.json,8,japanese_breakthrough,99,58,44,30,7,82,77,40,35,27,37,0.8513713405007408,4.756311482035411
W05,run_2_20260809_001911_469440.json,9,none,96,68,44,30,4,82,78,40,35,27,39,1.0620117477901414,4.892775067936401
W05,run_2_20260809_001911_469440.json,10,none,98,72,44,30,1,82,78,40,35,27,38,1.0047170897592024,5.290368961286263
W06,run_2_20260809_085054_095938.json,0,initial,60,15,30,20,20,80,78,40,35,10,30,-1.5121930846942586,-1.696040614876396
W06,run_2_20260809_085054_095938.json,1,none,51,24,30,20,26,81,79,40,35,10,36,-0.9339546559713399,-2.412816984165656
W06,run_2_20260809_085054_095938.json,2,none,51,32,30,20,25,81,79,40,35,10,38,-0.6774244480600811,-2.213513753026905
W06,run_2_20260809_085054_095938.json,3,none,58,36,30,20,22,81,79,40,35,10,37,-0.780206360749069,-1.597387008264117
W06,run_2_20260809_085054_095938.json,4,none,59,40,35,20,22,82,78,40,35,10,41,-0.08474945206255087,-0.9278750232828284
W06,run_2_20260809_085054_095938.json,5,india_transport_success,66,44,35,20,23,81,78,41,36,15,40,0.49822789609607854,-0.7133484418564574
W06,run_2_20260809_085054_095938.json,6,none,65,51,35,20,25,81,79,42,37,15,43,1.1025999750690558,-1.05993916962904
W06,run_2_20260809_085054_095938.json,7,none,71,54,35,20,25,81,79,42,37,15,43,1.0997159221680435,-0.754174057212311
W06,run_2_20260809_085054_095938.json,8,none,63,65,35,20,29,81,80,43,38,15,49,2.063400121741268,-1.5175882986089322
W06,run_2_20260809_085054_095938.json,9,rare_unknown,60,73,39,25,28,81,79,44,39,24,47,3.1707294310006255,-0.28733648299083864
W06,run_2_20260809_085054_095938.json,10,none,61,83,39,25,25,82,80,45,40,24,49,3.6125994885995723,0.09731961168945596
W07,run_3_20260808_235848_372471.json,0,initial,60,15,30,20,20,80,78,40,35,10,30,-1.5121930846942586,-1.696040614876396
W07,run_3_20260808_235848_372471.json,1,earth_tension,76,20,30,20,14,80,78,35,30,10,24,-3.691621119934472,0.11614695364492307
W07,run_3_20260808_235848_372471.json,2,none,83,24,30,20,11,81,77,34,29,10,23,-4.102490536697328,1.1481024549273644
W07,run_3_20260808_235848_372471.json,3,chinese_base_accident,81,33,30,20,11,82,77,33,28,10,27,-4.051946195274584,1.477097401160948
W07,run_3_20260808_235848_372471.json,4,none,81,42,30,20,11,81,78,33,28,10,30,-3.71765423912352,1.2977292058918417
W07,run_3_20260808_235848_372471.json,5,none,81,51,30,20,11,81,78,33,28,10,33,-3.3636868402102156,1.4272595648369708
W07,run_3_20260808_235848_372471.json,6,mars_breakthrough,88,55,30,30,8,81,78,33,28,10,32,-3.53746830066027,3.1080749232677025
W07,run_3_20260808_235848_372471.json,7,none,87,62,30,30,10,82,78,33,28,10,35,-3.2411837257611604,3.1773129520147734
W07,run_3_20260808_235848_372471.json,8,none,94,66,30,30,7,82,78,33,28,10,34,-3.3439656384501486,3.793439696777561
W08,run_3_20260809_002444_903401.json,0,initial,60,15,30,20,20,80,78,40,35,10,30,-1.5121930846942586,-1.696040614876396
W08,run_3_20260809_002444_903401.json,1,none,68,20,30,20,14,80,78,40,35,10,28,-1.7148728571712235,-0.769552237767549
W08,run_3_20260809_002444_903401.json,2,none,67,27,30,20,16,80,77,40,35,10,31,-1.2786258539096198,-0.7520085147150047
W08,run_3_20260809_002444_903401.json,3,none,69,33,30,20,19,80,77,40,35,14,32,-0.8916317451086603,-0.6526052157026321
W08,run_3_20260809_002444_903401.json,4,none,69,41,30,20,18,80,76,41,36,14,34,-0.2275196547989228,-0.4316300626094483
W08,run_3_20260809_002444_903401.json,5,none,76,45,30,20,15,79,76,41,36,14,33,-0.2701580746877858,0.004200252198959803
W08,run_3_20260809_002444_903401.json,6,india_transport_success,78,51,30,20,22,80,77,41,36,23,34,0.2747264269620621,0.04092432582924134
W08,run_3_20260809_002444_903401.json,7,none,71,64,30,20,24,80,76,41,36,23,40,1.0678248820379834,-0.11776670458981549
W08,run_3_20260809_002444_903401.json,8,none,71,73,30,20,24,80,76,41,36,23,43,1.4217922809512888,0.011763654355312443
W08,run_3_20260809_002444_903401.json,9,none,79,78,30,20,18,80,77,41,36,23,41,1.1392935729119564,0.8096499072043066
W08,run_3_20260809_002444_903401.json,10,none,79,87,30,20,18,80,77,41,36,23,44,1.4932609718252616,0.9391802661494347
W09,run_4_20260809_002938_589988.json,0,initial,60,15,30,20,20,80,78,40,35,10,30,-1.5121930846942586,-1.696040614876396
W09,run_4_20260809_002938_589988.json,1,none,52,26,30,20,24,80,79,40,35,10,36,-0.8762718319571446,-2.3525246539675972
W09,run_4_20260809_002938_589988.json,2,none,60,31,30,20,18,79,79,40,35,10,34,-1.0188081116339833,-1.6063327068131301
W09,run_4_20260809_002938_589988.json,3,none,66,34,30,20,18,79,80,40,35,10,34,-1.1015111000973636,-1.4291697186562549
W09,run_4_20260809_002938_589988.json,4,none,74,39,30,20,12,79,81,39,34,10,32,-1.7117727549728061,-0.5243532635018414
W09,run_4_20260809_002938_589988.json,5,none,73,46,30,20,14,80,80,39,34,10,35,-1.3356692445113276,-0.32651311049491755
W09,run_4_20260809_002938_589988.json,6,none,74,56,30,20,11,81,80,39,34,10,37,-1.1417431981861237,0.2936753107506499
W09,run_4_20260809_002938_589988.json,7,none,80,59,30,20,11,81,79,39,34,10,37,-1.0648083155247676,0.7280425474272324
W09,run_4_20260809_002938_589988.json,8,mars_breakthrough,87,63,30,30,8,81,78,39,34,10,36,-1.1587708404124544,2.5374600301178174
W09,run_4_20260809_002938_589988.json,9,us_base_accident,79,78,30,30,8,81,78,39,34,10,43,-0.36346860753915655,2.4029935906200013
W09,run_4_20260809_002938_589988.json,10,none,71,89,30,30,12,81,78,39,34,10,49,0.3522715807603256,1.875111675788653
W10,run_5_20260809_003452_930768.json,0,initial,60,15,30,20,20,80,78,40,35,10,30,-1.5121930846942586,-1.696040614876396
W10,run_5_20260809_003452_930768.json,1,none,59,22,30,20,22,80,79,40,35,10,33,-1.2355839525573917,-1.9357011403435593
W10,run_5_20260809_003452_930768.json,2,none,58,29,30,20,24,81,79,40,35,10,36,-0.9392993776582819,-1.8664631115964885
W10,run_5_20260809_003452_930768.json,3,none,58,37,30,20,23,80,78,40,35,10,38,-0.5428067413845291,-1.7188541861522655
W10,run_5_20260809_003452_930768.json,4,none,64,40,30,20,23,81,79,40,35,10,38,-0.685653222648035,-1.36139476804101
W10,run_5_20260809_003452_930768.json,5,none,63,47,30,20,25,82,78,41,36,10,41,0.018213234649552996,-1.2704848173395056
W10,run_5_20260809_003452_930768.json,6,none,70,51,30,20,22,82,77,42,37,10,40,0.3230132043590437,-0.6326861506222832
W10,run_5_20260809_003452_930768.json,7,scientific_discovery,78,56,36,20,16,82,76,42,37,10,40,0.7536782785788007,0.7340284105111197
W10,run_5_20260809_003452_930768.json,8,none,77,63,36,20,18,81,76,42,37,10,43,1.1702498390781613,0.4426735793494306
W10,run_5_20260809_003452_930768.json,9,none,84,67,36,20,15,81,76,42,37,10,42,1.0674679263891729,1.0588003241122184
W10,run_5_20260809_003452_930768.json,10,us_base_accident,76,82,36,20,15,81,76,42,37,10,49,1.8627701592624708,0.9243338846144019
